<?xml version='1.0' encoding='UTF-8'?>
<widget xmlns="http://www.w3.org/ns/widgets" xmlns:intelxdk="http://xdk.intel.com/ns/v1" id="not.yet.specified" version="0.0.1" android-versionCode="1">
<!--This file is generated by the Intel XDK. Do not edit this file as your edits will be lost.           -->
<!--To change the contents of this file, see the documentation on the intelxdk.config.additions.xml file.-->
<intelxdk:version value="1.0"/>
<intelxdk:cordova-cli version="5.1.1"/>
<name>FirebaseTodo</name>
<content src="index.html"/>
<access origin="*"/>
<intelxdk:plugin intelxdk:name="Cordova Legacy Whitelist Plugin" intelxdk:value="cordova-plugin-legacy-whitelist" intelxdk:version="1.1.0"/>
<preference name="android-minSdkVersion" value="14"/>
<preference name="android-targetSdkVersion" value="19"/>
<preference name="android-installLocation" value="auto"/>
<intelxdk:crosswalk version="15"/>
<!--creationInfo:{"src":"","projectTypeName":"com.intel.xdk.projecttype.jsapp"}--></widget>